{
 "x": [
  0.1944444477558136,
  -1.5,
  -0.8611111044883728,
  2.1388888359069824,
  2.6666667461395264,
  0.9444444179534912,
  2.5833332538604736,
  0.5277777910232544,
  -4.833333492279053,
  -3.1666667461395264,
  -3.9166667461395264,
  -1.9444444179534912,
  4.80555534362793,
  2.3888888359069824,
  -4.027777671813965,
  -0.6666666865348816,
  -0.2777777910232544,
  -0.6111111044883728,
  -2.972222328186035,
  -2.027777671813965,
  1.9444444179534912,
  4.5,
  0.8333333134651184,
  3.9166667461395264,
  -2.5833332538604736,
  -1.5833333730697632,
  -3.444444417953491,
  -2.1111111640930176,
  -4.222222328186035,
  2.5,
  -0.4444444477558136,
  -0.3333333432674408,
  0.4444444477558136,
  -3.444444417953491,
  -3.25,
  -3.5,
  2.0,
  2.555555582046509,
  1.6111111640930176,
  3.6111111640930176
 ],
 "y": [
  -0.0555555559694767,
  -1.6666666269302368,
  2.0,
  2.5,
  1.4722222089767456,
  2.8888888359069824,
  -2.6388888359069824,
  -2.4166667461395264,
  -0.5277777910232544,
  -2.027777671813965,
  -1.8333333730697632,
  0.1944444477558136,
  -3.222222328186035,
  -1.1666666269302368,
  3.0,
  -4.416666507720947,
  -2.6388888359069824,
  -3.222222328186035,
  -0.7777777910232544,
  1.6388888359069824,
  0.3611111044883728,
  0.5,
  1.3611111640930176,
  2.805555582046509,
  -3.527777671813965,
  -2.694444417953491,
  1.4166666269302368,
  4.027777671813965,
  2.5833332538604736,
  4.80555534362793,
  3.3888888359069824,
  3.8333332538604736,
  4.25,
  -2.8888888359069824,
  3.6111111640930176,
  3.444444417953491,
  -2.972222328186035,
  -3.6666667461395264,
  -4.083333492279053,
  -1.3333333730697632
 ],
 "r": [
  1.156369924545288,
  0.6966631412506104,
  0.8258926868438721,
  0.5007709860801697,
  0.7243558168411255,
  0.8074690103530884,
  0.3947964012622833,
  0.5859728455543518,
  1.3958160877227783,
  0.5905636548995972,
  0.33564016222953796,
  0.5938210487365723,
  0.6899856925010681,
  0.7954344749450684,
  0.6092142462730408,
  0.9852304458618164,
  0.4555894434452057,
  0.41294634342193604,
  0.26205503940582275,
  0.5068968534469604,
  0.2560984492301941,
  0.9722222089767456,
  0.33448874950408936,
  0.7168604135513306,
  0.7222222089767456,
  0.2003083974123001,
  0.6555790901184082,
  1.101696252822876,
  0.33564016222953796,
  1.2478376626968384,
  0.33564016222953796,
  0.216951385140419,
  0.29917582869529724,
  0.4914390444755554,
  0.17786456644535065,
  0.19641855359077454,
  0.5166965126991272,
  0.47303852438926697,
  0.23895348608493805,
  0.5780181288719177
 ]
}